sign_id,method,k_used,seed,est_lat,est_lon,gt_lat,gt_lon,err_m,hit_1m,hit_2m,n_outliers_detected,outlier_idx,residual_norm,n_iter,assumed_s,fallback_triggered,runtime_ms
0,mean,27,0,49.01103562927079,8.423133182169643,49.01104539434144,8.423140296838017,1.2042569298046877,0,1,0,,,,,0,0.0574
1,mean,9,0,49.01100411669855,8.423159813900455,49.0109879397477,8.423173003321457,2.0414536451697205,0,0,0,,,,,0,0.0074
3,mean,16,0,49.00887543938905,8.439515111460794,49.008885085775056,8.43945640100112,4.427128283465407,0,0,0,,,,,0,0.0044
4,mean,16,0,49.009202990078506,8.439946932690754,49.00920024688789,8.439959441211467,0.9646138504020298,1,1,0,,,,,0,0.0037
7,mean,10,0,49.01119835645103,8.43911716594646,49.01120358064679,8.439131158189603,1.1769935960916316,0,1,0,,,,,0,0.0034
9,mean,6,0,49.01578418789512,8.436604124812533,49.01577759947758,8.436623187204995,1.575171916234247,0,1,0,,,,,0,0.0035
10,mean,13,0,49.01586974961877,8.43677800218359,49.01586595781392,8.436782367739855,0.5289555861667329,1,1,0,,,,,0,0.0032
12,mean,7,0,49.01656956708088,8.438256011060261,49.016566339086836,8.438267373680977,0.9053600050833217,1,1,0,,,,,0,0.0034
13,mean,11,0,49.01746021172086,8.439836755064617,49.01745675169801,8.43984329074997,0.6136814074628996,1,1,0,,,,,0,0.003
15,mean,14,0,49.02155821934188,8.445865471019564,49.021552817620844,8.445866920345988,0.6100072697056773,1,1,0,,,,,0,0.0027
16,mean,4,0,49.02571966824803,8.448468369499624,49.025731958207764,8.448387961781982,6.037290882868576,0,0,0,,,,,0,0.0029
17,mean,11,0,49.025794227222704,8.44867968577271,49.02578456454105,8.448680103990874,1.0750243184687822,0,1,0,,,,,0,0.0028
18,mean,17,0,49.0258301114582,8.448495383083523,49.025827192605675,8.448449301824292,3.3857013574959662,0,0,0,,,,,0,0.003
21,mean,11,0,49.05391249380563,8.420977092833123,49.053917783943405,8.42093154193582,3.381021080646688,0,0,0,,,,,0,0.0028
22,mean,4,0,49.053908010090026,8.420986190503102,49.05388720389666,8.420947118828824,3.6755864094969435,0,0,0,,,,,0,0.0027
24,mean,8,0,49.056995161388706,8.418656175562578,49.05699793589034,8.418660548370681,0.4442417687878127,1,1,0,,,,,0,0.0027
25,mean,10,0,49.06751245958036,8.400968555891582,49.06749858646056,8.400967016881998,1.546937397968963,0,1,0,,,,,0,0.0026
26,mean,10,0,49.06751094149268,8.401017411327361,49.067498967657734,8.400967010702349,3.9162611197120745,0,0,0,,,,,0,0.0025
27,mean,10,0,49.06763326124939,8.4008948853367,49.06761751504026,8.400949624845799,4.366490074336561,0,0,0,,,,,0,0.0027
28,mean,8,0,49.03939390189875,8.362488857310238,49.03938883765934,8.36249498880362,0.7198346445604764,1,1,0,,,,,0,0.0027
29,mean,13,0,49.039223713873476,8.362233512607043,49.03923502715589,8.362231377937965,1.2677993942656305,0,1,0,,,,,0,0.0027
30,mean,11,0,49.0389536365584,8.362289845319712,49.038950655827506,8.362296941495774,0.6156901102640597,1,1,0,,,,,0,0.0027
31,mean,5,0,49.0390339287141,8.362185928347571,49.03905662084125,8.36219852071007,2.6863045062314415,0,0,0,,,,,0,0.0025
34,mean,14,0,49.02573007856592,8.35621589262022,49.02572148660942,8.35622192078498,1.0523153054772632,0,1,0,,,,,0,0.0026
36,mean,18,0,49.02449796143071,8.356186241932013,49.02447760808259,8.356138793759902,4.143124609403267,0,0,0,,,,,0,0.0026
37,mean,18,0,49.02449423142933,8.35615696254717,49.02447806671637,8.356115816624278,3.505311962626979,0,0,0,,,,,0,0.0027
39,mean,26,0,49.033167048001864,8.337109820382272,49.03317670411804,8.337129460746299,1.7932509460647503,0,1,0,,,,,0,0.0028
40,mean,7,0,49.01668576807101,8.353340625273498,49.01668975790858,8.353342299304732,0.4602965012842806,1,1,0,,,,,0,0.0024
41,mean,5,0,49.01665007413334,8.353208353438127,49.01667389104093,8.353205427482317,2.657312835063403,0,0,0,,,,,0,0.0028
42,mean,12,0,49.01638669014683,8.353170207629129,49.01640132683856,8.353162993425078,1.7111492373793034,0,1,0,,,,,0,0.0024
43,mean,9,0,48.98011221009615,8.404393323001727,48.98010072003008,8.404381512004727,1.54281289451924,0,1,0,,,,,0,0.0095
45,mean,13,0,48.95885553824324,8.405972728474117,48.95885663507571,8.405977215348424,0.3504929450645716,1,1,0,,,,,0,0.0047
46,mean,15,0,48.94313024712091,8.409113085534365,48.94312963201558,8.409122608985903,0.7009866549636571,1,1,0,,,,,0,0.0037
47,mean,19,0,48.943113571582764,8.409156342975532,48.94311380552018,8.409155077174894,0.09630679434854908,1,1,0,,,,,0,0.0035
48,mean,19,0,48.94306198221666,8.409140134875784,48.94306486288977,8.409119633657612,1.5356077830769315,0,1,0,,,,,0,0.0032
49,mean,13,0,48.94300856358569,8.409490372193419,48.94301091350838,8.409482777561662,0.6146671966467213,1,1,0,,,,,0,0.0031
50,mean,13,0,48.94301136544915,8.409472090132036,48.94301039462745,8.409481569866855,0.7027826232948775,1,1,0,,,,,0,0.0029
51,mean,13,0,48.94296639377777,8.409421319249612,48.94295561108832,8.409430032149713,1.3584152829136673,0,1,0,,,,,0,0.0028
52,mean,11,0,48.9422482488793,8.411489580209912,48.942217287367484,8.41149040963212,3.4437230252586395,0,0,0,,,,,0,0.0029
54,mean,13,0,48.94268660734061,8.413819835114655,48.94268369423031,8.413821471125225,0.34542055133448857,1,1,0,,,,,0,0.0028
55,mean,4,0,48.94271596304219,8.414148884986792,48.94271185426669,8.414149195405537,0.4574967821915527,1,1,0,,,,,0,0.0027
57,mean,5,0,48.944007764434964,8.4162881841287,48.94401480267582,8.41634685837474,4.3687972656400245,0,0,0,,,,,0,0.0027
58,mean,33,0,48.944759733803224,8.417950537255301,48.944767127454554,8.41800216863239,3.870482060392925,0,0,0,,,,,0,0.003
60,mean,4,0,48.94912495216099,8.413307608576286,48.94915683732388,8.413357428633521,5.088186806848334,0,0,0,,,,,0,0.0027
61,mean,6,0,48.95081338489544,8.415069879173101,48.95084087851072,8.415059983227167,3.1422696273692003,0,0,0,,,,,0,0.0032
62,mean,6,0,48.9508821677975,8.415152933326409,48.95089289785463,8.415138380264867,1.6000296959654952,0,1,0,,,,,0,0.0027
63,mean,7,0,48.95123899643058,8.416830413525254,48.95122100485476,8.416797926632704,3.1088649551060374,0,0,0,,,,,0,0.0035
64,mean,10,0,48.99807263370262,8.477461530727199,48.998116843477796,8.477518696462667,6.455282415626834,0,0,0,,,,,0,0.003
66,mean,6,0,48.99916308314794,8.478521954073377,48.99917693758366,8.478558809324605,3.1059115312002015,0,0,0,,,,,0,0.0035
67,mean,18,0,48.999082029717336,8.47322349164546,48.999082522420714,8.47323004928152,0.4829611121145454,1,1,0,,,,,0,0.0032
68,mean,16,0,48.999168507316035,8.473138196390897,48.99915858009968,8.473219567344787,6.055643973161788,0,0,0,,,,,0,0.0031
69,mean,10,0,48.99922284786849,8.471812334890448,48.99922841762721,8.471817071364747,0.7097811338300317,1,1,0,,,,,0,0.003
70,mean,11,0,48.99842146443308,8.468400131459742,48.998409700440135,8.468360658165338,3.1708926873635246,0,0,0,,,,,0,0.0041
71,mean,12,0,48.99847794367635,8.468481402822443,48.99847590077246,8.46846155724285,1.4698452561621473,0,1,0,,,,,0,0.0029
72,mean,26,0,48.99820245278159,8.468604990833425,48.99824903344226,8.468785922027827,14.216886251085029,0,0,0,,,,,0,0.0028
73,mean,17,0,48.99823779605119,8.468649321986915,48.99826543241262,8.468795877787485,11.155844312642213,0,0,0,,,,,0,0.0028
74,mean,5,0,48.99828760153125,8.468874868652978,48.99829927833804,8.468912042226089,3.014218096908865,0,0,0,,,,,0,0.0028
75,mean,19,0,48.99827505616068,8.468773724386176,48.998315083117305,8.468916335458207,11.345208142466111,0,0,0,,,,,0,0.0031
76,mean,19,0,48.99830280069423,8.46866482178979,48.99834323488168,8.468810583632907,11.57514243735,0,0,0,,,,,0,0.0027
81,mean,7,0,49.00234801633599,8.45348172779631,49.002343130266766,8.453483095631213,0.5525186568502662,1,1,0,,,,,0,0.0026
82,mean,6,0,49.00246991388664,8.453469819075222,49.002462470315926,8.45350815604084,2.9246422983938407,0,0,0,,,,,0,0.0025
84,mean,8,0,49.003649393161666,8.446273474269596,49.0036701473211,8.446288123211048,2.544788299999069,0,0,0,,,,,0,0.0028
85,mean,6,0,49.00431424144313,8.4426070139945,49.00429144228445,8.442728779993875,9.262840928392473,0,0,0,,,,,0,0.0026
87,mean,19,0,49.00807931470724,8.431537568950562,49.00807479165934,8.431529704209325,0.7642536601602251,1,1,0,,,,,0,0.0028
88,mean,19,0,49.008102313321,8.43157624800124,49.008100709764044,8.431586298261276,0.7565932078350882,1,1,0,,,,,0,0.0027
89,mean,12,0,49.00820358192199,8.431723904344103,49.00830227321947,8.431615648050379,13.534653911184522,0,0,0,,,,,0,0.0028
90,mean,19,0,49.00821455039942,8.431406236706293,49.00821987587946,8.431413403911858,0.7910116341688479,1,1,0,,,,,0,0.0026
91,mean,16,0,49.00816085328905,8.431290800248417,49.00816064060647,8.431292811341311,0.14902025171121722,1,1,0,,,,,0,0.0025
93,mean,14,0,49.008437839265035,8.429822243060732,49.00843672999342,8.429827587058291,0.40996450727725514,1,1,0,,,,,0,0.0027
94,mean,8,0,49.00846536404225,8.429611076572881,49.00846309359085,8.429609841353342,0.2681807829592044,1,1,0,,,,,0,0.0026
96,mean,7,0,49.00868459528415,8.428853319067974,49.00869204906277,8.428851229941532,0.8429064184426921,1,1,0,,,,,0,0.0025
97,mean,13,0,49.01100895226843,8.423161784056905,49.01103092799133,8.42313489202283,3.1373597677433818,0,0,0,,,,,0,0.0026
98,mean,18,0,49.01103226963851,8.423316394337318,49.01102946855454,8.423327173821457,0.8478772841706976,1,1,0,,,,,0,0.0027
99,mean,10,0,49.01116537739049,8.423093491051912,49.01110811622246,8.423125899437846,6.795035629560949,0,0,0,,,,,0,0.0025
100,mean,4,0,49.015152407467056,8.418157443758215,49.01515132082473,8.418160847649256,0.27676936470164326,1,1,0,,,,,0,0.0025
102,mean,11,0,49.01108646329537,8.418038488066847,49.01108520403991,8.418042995885735,0.3582753813748112,1,1,0,,,,,0,0.0025
103,mean,14,0,49.01096293938254,8.417888528500491,49.010862665161646,8.417824667702513,12.09054824442882,0,0,0,,,,,0,0.0025
105,mean,8,0,49.009825128243364,8.417630552763955,49.00982304641679,8.4176336290623,0.32287878456914504,1,1,0,,,,,0,0.0025
106,mean,8,0,49.00887064391521,8.397395942506577,49.00888031397546,8.397383875212636,1.391361062125052,0,1,0,,,,,0,0.0025
108,mean,17,0,49.05040567264849,8.396372656860791,49.05040373574427,8.396382177344005,0.7285014228209086,1,1,0,,,,,0,0.0024
109,mean,21,0,49.051086245324605,8.396294231838171,49.051091983077356,8.396305839225123,1.0616321550386558,0,1,0,,,,,0,0.0027
111,mean,21,0,49.05108786882108,8.396295425249118,49.05109365983753,8.396307535131836,1.0946854754648052,0,1,0,,,,,0,0.0026
112,mean,21,0,49.04955557759851,8.39638319770437,49.049538844669435,8.39629783975774,6.511178068034406,0,0,0,,,,,0,0.0025
114,mean,9,0,49.05148254742866,8.396044857879863,49.05146913603603,8.396055370838694,1.677818270253984,0,1,0,,,,,0,0.0028
115,mean,14,0,49.052070992077276,8.395856327438143,49.05206436642282,8.395865413355601,0.9919780468728236,1,1,0,,,,,0,0.0027
117,mean,7,0,49.053300881281395,8.393674071254958,49.053309037566294,8.393673131180291,0.9096656507774636,1,1,0,,,,,0,0.0025
118,mean,16,0,49.05348310458964,8.396626676213737,49.05348782661079,8.39665668833155,2.255668203642297,0,0,0,,,,,0,0.0027
119,mean,7,0,49.05330161662387,8.393670693701402,49.053308995012976,8.393673173856262,0.8403430617735699,1,1,0,,,,,0,0.0025
120,mean,16,0,48.985794319806935,8.394253544866242,48.98581402694546,8.3942980399286,3.9254746166333883,0,0,0,,,,,0,0.0027
121,mean,18,0,48.98650154367312,8.395654735737708,48.98648983325911,8.395664362701496,1.4807051409266165,0,1,0,,,,,0,0.0027
122,mean,10,0,48.98641912321977,8.39554296436693,48.986449876761135,8.395476550050772,5.943572442442794,0,0,0,,,,,0,0.0025
124,mean,15,0,48.98668143904316,8.393753493567706,48.986675676913414,8.393752993425,0.641848167664129,1,1,0,,,,,0,0.0026
125,mean,15,0,48.98674526784067,8.393811478409292,48.98675227499934,8.39381796329511,0.9124307705229058,1,1,0,,,,,0,0.0025
126,mean,27,0,48.986808247740775,8.393599497947003,48.98682160657178,8.393587491973694,1.7260532476726513,0,1,0,,,,,0,0.003
127,mean,7,0,48.98575603185689,8.392829623243214,48.98575191076279,8.392817411280369,1.0044740661968052,0,1,0,,,,,0,0.0026
130,mean,16,0,48.98527798181258,8.393725240211575,48.98528424236844,8.39368695705649,2.887273872686369,0,0,0,,,,,0,0.0026
132,mean,7,0,48.98483032795829,8.394705258607289,48.98482131635923,8.394696596088266,1.1859034973906524,0,1,0,,,,,0,0.0025
133,mean,5,0,48.98360547221506,8.396317575708999,48.983636898015256,8.396343108290827,3.9631608929990447,0,0,0,,,,,0,0.0024
136,mean,6,0,48.987724577845896,8.398219104999036,48.987703075613055,8.398253077554074,3.449709163409751,0,0,0,,,,,0,0.0025
138,mean,9,0,48.98636701885114,8.39942752590589,48.986343438830836,8.399386187955873,4.003849987745729,0,0,0,,,,,0,0.0025
139,mean,7,0,48.98621971832606,8.399270801337597,48.986214771881215,8.399260438568499,0.9369524247461136,1,1,0,,,,,0,0.0025
141,mean,15,0,48.98634787233323,8.399356171087517,48.98636397084218,8.399289575928034,5.192610185122275,0,0,0,,,,,0,0.0026
142,mean,12,0,48.98621078523065,8.399342420208926,48.98620013745401,8.399339265078936,1.206441537062305,0,1,0,,,,,0,0.0025
143,mean,5,0,48.98615700498211,8.398610132908383,48.986101766560246,8.398534224426191,8.282809476128351,0,0,0,,,,,0,0.0025
144,mean,11,0,48.986263163202345,8.398448905165148,48.9862849784411,8.398440341637096,2.505718885261201,0,0,0,,,,,0,0.0024
145,mean,4,0,48.98627298534672,8.398585758362358,48.98630989206851,8.398578418355688,4.139387134736939,0,0,0,,,,,0,0.0023
146,mean,7,0,48.98614169996683,8.39843658304474,48.98612322601668,8.398431011423698,2.0945597157975553,0,0,0,,,,,0,0.0024
147,mean,8,0,48.98444639185428,8.397855692961256,48.98444792636873,8.39784437876048,0.845538282101678,1,1,0,,,,,0,0.0027
148,mean,11,0,48.98444062667961,8.398566346456784,48.98444441570919,8.39857526234498,0.7768123575150968,1,1,0,,,,,0,0.0026
149,mean,6,0,48.984425478940466,8.398565572659702,48.98443123440828,8.398582472576406,1.3927691455109705,0,1,0,,,,,0,0.0028
150,mean,4,0,48.98436945336514,8.398542345699529,48.984358937316586,8.39851519414505,2.305916615004216,0,0,0,,,,,0,0.0025
151,mean,8,0,48.98434994403207,8.398517658947382,48.984343359532794,8.398514767705981,0.7622250168134906,1,1,0,,,,,0,0.0028
153,mean,10,0,48.983319143062644,8.399125824710929,48.98332027368333,8.399125014307177,0.13902568576074809,1,1,0,,,,,0,0.0027
154,mean,5,0,48.983421047306564,8.399997249660352,48.98339748223166,8.40008367417303,6.847285952214521,0,0,0,,,,,0,0.0025
156,mean,10,0,48.983481161345914,8.40086096656065,48.98348597564077,8.40081123495394,3.679316286609009,0,0,0,,,,,0,0.0026
157,mean,10,0,48.983557455447496,8.400895796394387,48.983563439532645,8.400899381568639,0.7153577408442091,1,1,0,,,,,0,0.0025
158,mean,5,0,48.98351856980474,8.401761045859022,48.98343167588393,8.401846054649848,11.49342371396365,0,0,0,,,,,0,0.0023
159,mean,8,0,48.983721899330874,8.402891313096516,48.98371981239134,8.402891842038814,0.23529446023124642,1,1,0,,,,,0,0.0025
160,mean,6,0,48.983722379075395,8.402895630697499,48.983719397332024,8.402894078753715,0.3505155449651023,1,1,0,,,,,0,0.0023
163,mean,4,0,48.98222526611867,8.398480793656105,48.9822625568543,8.398580249188166,8.378281353362233,0,0,0,,,,,0,0.0024
164,mean,4,0,48.98222619966261,8.398480842248894,48.982261106301884,8.398576686195657,8.01795946922825,0,0,0,,,,,0,0.0027
165,mean,5,0,48.98244592892067,8.400358763022018,48.98245039460454,8.400364268246776,0.6395476286663753,1,1,0,,,,,0,0.0024
166,mean,5,0,48.9824739144227,8.401161264232833,48.982468621721836,8.40115734623201,0.6547479702669009,1,1,0,,,,,0,0.0026
168,mean,4,0,48.98261484064982,8.401895048118886,48.98261792947629,8.401897744058669,0.39615401166139264,1,1,0,,,,,0,0.0025
169,mean,7,0,48.9826071332658,8.402143053595045,48.98260508402506,8.402140678431367,0.2866387786623582,1,1,0,,,,,0,0.0025
170,mean,7,0,48.982606375633644,8.402136400956516,48.982603824956776,8.40213349396468,0.35459772070408074,1,1,0,,,,,0,0.0024
171,mean,5,0,48.98306733835701,8.402014551490023,48.983078816133165,8.402019361557091,1.3241039827643117,0,1,0,,,,,0,0.0023
172,mean,7,0,48.98363601710228,8.401698968049091,48.9836311307027,8.401682525350475,1.3205290935175629,0,1,0,,,,,0,0.0024
173,mean,12,0,48.98371978063038,8.401756878847253,48.98366211857733,8.401801045197546,7.1813562588053586,0,0,0,,,,,0,0.0025
174,mean,7,0,48.983559431307285,8.401907797098591,48.98356159518731,8.401918368835496,0.8103625785421744,1,1,0,,,,,0,0.0025
175,mean,10,0,48.98457534021917,8.401661952879543,48.98446901651112,8.401670468741413,11.84061746320538,0,0,0,,,,,0,0.0027
176,mean,4,0,48.97191304967486,8.479517873056693,48.97191881326706,8.479509768870228,0.8734284823641809,1,1,0,,,,,0,0.0025
177,mean,8,0,48.96999530919682,8.479893795503122,48.96998993035151,8.479888093927556,0.7294353534937754,1,1,0,,,,,0,0.0023
178,mean,11,0,48.96992861934789,8.480053774706448,48.96994287359756,8.480025385153452,2.6140579860762205,0,0,0,,,,,0,0.0025
183,mean,13,0,48.97186654622224,8.47565170539171,48.97186251338444,8.47565591224496,0.5440623171614529,1,1,0,,,,,0,0.0025
184,mean,5,0,48.972006193140494,8.475659062952923,48.97202877228772,8.475661292877858,2.5163105370698764,0,0,0,,,,,0,0.0026
185,mean,9,0,48.97225623347478,8.475564105288766,48.972161995644996,8.47559168752206,10.67289149241277,0,0,0,,,,,0,0.0024
186,mean,11,0,48.97227135581181,8.478574806420825,48.97227458286877,8.478554437418476,1.533838573953423,0,1,0,,,,,0,0.0025
187,mean,5,0,48.9719060730054,8.478111383041824,48.97190429315055,8.478113055145656,0.23273443081250722,1,1,0,,,,,0,0.0025
189,mean,10,0,48.96892155467086,8.4785100777381,48.96891778625865,8.478513992916096,0.5077429276777248,1,1,0,,,,,0,0.0025
190,mean,9,0,48.96891674860852,8.47850655594801,48.96891402102997,8.478509707849677,0.38113859925811616,1,1,0,,,,,0,0.0025
191,mean,8,0,48.96891135499652,8.478439314609266,48.96890823401096,8.478419777953741,1.4719280363174174,0,1,0,,,,,0,0.0026
192,mean,5,0,48.96862061207376,8.478427556300078,48.96862317463902,8.478412237827733,1.1572228497960249,0,1,0,,,,,0,0.0027
193,mean,5,0,48.96862026045667,8.47842700932922,48.96861350094028,8.478409773935644,1.4688660235767506,0,1,0,,,,,0,0.0025
195,mean,6,0,48.9682599703172,8.478495357743231,48.96825635076422,8.478529760793164,2.5508914798163165,0,0,0,,,,,0,0.0024
196,mean,4,0,48.96827367187623,8.478359435502181,48.968273316322424,8.478353315592653,0.4498303327568278,1,1,0,,,,,0,0.0026
197,mean,6,0,48.96649413192638,8.477633610670797,48.966552512253564,8.477671257015073,7.053355793553416,0,0,0,,,,,0,0.0025
198,mean,6,0,48.96663100994921,8.477404835500096,48.966649261133185,8.47741498622875,2.1615000295480518,0,0,0,,,,,0,0.0025
199,mean,4,0,48.96685068562095,8.477292615300508,48.96685382675557,8.477295784234368,0.419362000322968,1,1,0,,,,,0,0.0025
200,mean,11,0,48.98330753601617,8.390802093621918,48.983323206720485,8.390773311637187,2.7341233437270636,0,0,0,,,,,0,0.0033
201,mean,11,0,48.98331861925639,8.390804711508377,48.983333215954715,8.390785216023506,2.1613394235635845,0,0,0,,,,,0,0.0059
202,mean,20,0,48.98328902043116,8.3910097107724,48.98328680453884,8.391026878956199,1.2805813452744197,0,1,0,,,,,0,0.0028
204,mean,16,0,48.984191032825834,8.392825065353753,48.98419231939021,8.39281942483492,0.4369469539303123,1,1,0,,,,,0,0.0027
205,mean,17,0,48.984415618289155,8.391950131378609,48.98441262119869,8.39196607164925,1.2134163087453396,0,1,0,,,,,0,0.0026
206,mean,23,0,48.98446763497031,8.391993601176129,48.9844645945549,8.392009987161641,1.2461151355668325,0,1,0,,,,,0,0.0025
207,mean,28,0,48.984571203085245,8.391709044595252,48.98454122585879,8.391790109952854,6.805930260397608,0,0,0,,,,,0,0.0027
208,mean,7,0,48.985390410677645,8.392679775478255,48.98537725544665,8.392673715939354,1.528736606061023,0,1,0,,,,,0,0.0026
209,mean,11,0,48.98559493279353,8.392600379212219,48.98561617858674,8.392572489308368,3.12243277534857,0,0,0,,,,,0,0.0025
210,mean,18,0,48.98594492334037,8.391707725895271,48.98596194981985,8.391698605125454,2.0077386501780183,0,0,0,,,,,0,0.0025
211,mean,12,0,48.98585566668675,8.39165322024488,48.98584107062257,8.391615691949978,3.1905646694267413,0,0,0,,,,,0,0.0025
213,mean,15,0,48.985126805202235,8.389786344456493,48.985131373674136,8.389783108758179,0.5605459104068663,1,1,0,,,,,0,0.0026
214,mean,10,0,48.98511879522496,8.3897299886684,48.985112618584935,8.389664657009638,4.830942715276659,0,0,0,,,,,0,0.0025
215,mean,7,0,48.98479500858118,8.390296277049131,48.98477570430932,8.390299740795824,2.16173539898159,0,0,0,,,,,0,0.0025
216,mean,15,0,48.98471420249887,8.390465372262046,48.984733344686454,8.390415688789837,4.2138084565973575,0,0,0,,,,,0,0.0026
217,mean,4,0,48.98483738777168,8.390770823831598,48.984853047327206,8.39075199353325,2.2209012998343565,0,0,0,,,,,0,0.0025
218,mean,9,0,48.98484403710942,8.390928521572977,48.98484227295914,8.390938472405844,0.7543019839086379,1,1,0,,,,,0,0.0026
219,mean,15,0,48.984572345845734,8.391776166731809,48.98457058504026,8.391763451151109,0.951085887197647,1,1,0,,,,,0,0.0026
220,mean,15,0,48.984519411237855,8.391726894638849,48.98451448553811,8.39172277485623,0.6252977007712015,1,1,0,,,,,0,0.0025
221,mean,20,0,48.984427089966665,8.391998281205627,48.9844435565812,8.39194389441013,4.381822967321842,0,0,0,,,,,0,0.0028
222,mean,12,0,48.983286396132456,8.390864366798652,48.983351119165825,8.390923791621438,8.410001875368865,0,0,0,,,,,0,0.0026
223,mean,12,0,48.983240561988794,8.391021255775923,48.983225801011194,8.391035876284054,1.9595860115193606,0,1,0,,,,,0,0.0024
224,mean,12,0,48.983234420292284,8.391014620515143,48.98321674687682,8.391023753208364,2.076020167116473,0,0,0,,,,,0,0.0025
225,mean,9,0,48.98328526638271,8.390790745906425,48.98329939739868,8.390777472188791,1.8475927546683417,0,1,0,,,,,0,0.0024
226,mean,9,0,48.983361469572195,8.390859933060295,48.98337353402185,8.390840755363016,1.9417967407864956,0,1,0,,,,,0,0.0026
229,mean,16,0,48.98326648929185,8.394090651415025,48.98326409797191,8.394106220676512,1.1702303499948201,0,1,0,,,,,0,0.0026
232,mean,12,0,48.98388337734127,8.392875755046783,48.98388223874977,8.392886187476082,0.7740329651849249,1,1,0,,,,,0,0.0025
233,mean,10,0,48.98418453042646,8.392827812953865,48.984190173927054,8.39282227363986,0.7471843811065495,1,1,0,,,,,0,0.0025
235,mean,14,0,48.98578563366436,8.394250192834452,48.98579359601027,8.394292572420285,3.2257869908817107,0,0,0,,,,,0,0.0024
236,mean,8,0,48.9848480053544,8.394634398162822,48.984844572427704,8.394624797216466,0.7997392934647216,1,1,0,,,,,0,0.0027
237,mean,6,0,48.98367352523782,8.393517275879153,48.98368675653624,8.39351629536858,1.4731942622864742,0,1,0,,,,,0,0.0025
238,mean,7,0,48.983889403096654,8.392883263656454,48.98389510364614,8.392895907053706,1.1217552611498693,0,1,0,,,,,0,0.0023
240,mean,13,0,48.984195500734735,8.392830414670447,48.9841979239747,8.392828536478168,0.30252680373886043,1,1,0,,,,,0,0.0025
241,mean,11,0,48.98442056690565,8.391955410134903,48.98441749248663,8.391965300484427,0.8005993103736058,1,1,0,,,,,0,0.0025
242,mean,17,0,48.984475431798025,8.39199098448176,48.98447145420944,8.392011599742577,1.5724256363545284,0,1,0,,,,,0,0.0025
243,mean,20,0,48.984575326755,8.391716571866489,48.98454775019674,8.39179000357526,6.18817186244481,0,0,0,,,,,0,0.0025
244,mean,6,0,48.98539332799522,8.392689685304253,48.985376395630496,8.392678529891356,2.0524397491087583,0,0,0,,,,,0,0.0025
245,mean,5,0,48.98557447038377,8.392608690949155,48.98560945376316,8.392550063974124,5.792167745323958,0,0,0,,,,,0,0.0024
246,mean,8,0,48.98594737933035,8.391710303708251,48.98599169915983,8.391665775993815,5.908855272921692,0,0,0,,,,,0,0.0027
247,mean,7,0,48.98585876831162,8.3916565803234,48.9858418401114,8.3916190304379,3.331311173112554,0,0,0,,,,,0,0.0026
248,mean,14,0,48.986220492383374,8.390583986887286,48.98621899240635,8.390587866122926,0.3293049687963783,1,1,0,,,,,0,0.0025
249,mean,12,0,48.98250053897413,8.390206046832178,48.98249684244867,8.390205621258884,0.4122669376528996,1,1,0,,,,,0,0.0027
250,mean,6,0,48.98832386591578,8.47067443275177,48.988349336094146,8.470690067137578,3.0549209956289585,0,0,0,,,,,0,0.0024
251,mean,8,0,48.9880333019321,8.470816254080061,48.988021266590636,8.470810505432391,1.403016475740567,0,1,0,,,,,0,0.0026
252,mean,9,0,48.98799369197359,8.47087444479101,48.988004151159615,8.470848840255053,2.205616458901375,0,0,0,,,,,0,0.0025
253,mean,8,0,48.98788609238615,8.471364368405725,48.98790219685185,8.471422023946817,4.584117107530969,0,0,0,,,,,0,0.0024
254,mean,11,0,48.9870254957657,8.471857642704173,48.98706976925281,8.471858442071653,4.92397938789792,0,0,0,,,,,0,0.0028
255,mean,10,0,48.98683414991608,8.471783601913764,48.986837202482064,8.471780880395377,0.39359851115690736,1,1,0,,,,,0,0.0024
256,mean,8,0,48.986363162506095,8.47179218505443,48.98636454796219,8.4717919681874,0.15489129750601963,1,1,0,,,,,0,0.0023
257,mean,12,0,48.986208621551135,8.472155179761929,48.986231200663134,8.472098787713664,4.831250691902461,0,0,0,,,,,0,0.0025
258,mean,8,0,48.986211198796106,8.472444760646843,48.98620800232073,8.472429116483433,1.1989381965468333,0,1,0,,,,,0,0.0023
259,mean,7,0,48.98657968517294,8.473624318180894,48.98657230605247,8.473634958895987,1.1313596508676096,0,1,0,,,,,0,0.0024
260,mean,9,0,48.98660868913789,8.474010490773743,48.986580361100316,8.474039564029635,3.801670157211031,0,0,0,,,,,0,0.0024
261,mean,7,0,48.986290794562535,8.474209570323008,48.986289359643706,8.474180104288388,2.162569942257331,0,0,0,,,,,0,0.0026
262,mean,13,0,48.985918236682906,8.473923645815704,48.98591841940467,8.47391578956203,0.5753771464757967,1,1,0,,,,,0,0.0026
263,mean,13,0,48.98591944223404,8.473925049211624,48.98591938861554,8.47391672034696,0.6096389011757504,1,1,0,,,,,0,0.0026
264,mean,11,0,48.98890948102449,8.479009694842457,48.98890486054867,8.479020945760883,0.9706048995087055,1,1,0,,,,,0,0.0025
265,mean,11,0,48.99056311118851,8.479069471178374,48.9905577419066,8.479064848599817,0.6862929402986013,1,1,0,,,,,0,0.0025
266,mean,7,0,48.99246478076003,8.479197587448933,48.992477699249875,8.479200056242423,1.447976086805102,0,1,0,,,,,0,0.0024
267,mean,13,0,48.992802186666154,8.478920204133189,48.99280226395286,8.478938070066041,1.3074989622011455,0,1,0,,,,,0,0.0024
268,mean,12,0,48.99318054142087,8.47844535030087,48.9931739367363,8.478443045669518,0.7536191768470265,1,1,0,,,,,0,0.0024
269,mean,13,0,48.992733205256386,8.478885356467252,48.992739243241886,8.47888327459519,0.6885495510052068,1,1,0,,,,,0,0.0025
270,mean,9,0,48.98890475118228,8.479008511483231,48.98891364963121,8.479022940725892,1.447249167602603,0,1,0,,,,,0,0.0023
271,mean,10,0,48.992473592397545,8.479179564208817,48.992447289786874,8.479204987507055,3.4666797015115547,0,0,0,,,,,0,0.0025
272,mean,10,0,48.992809409789125,8.47892320248099,48.9928052679945,8.478930899122464,0.7276117394809947,1,1,0,,,,,0,0.0024
273,mean,5,0,48.993210295940045,8.478640437404819,48.99322897754497,8.478651728183992,2.2358555296357125,0,0,0,,,,,0,0.0025
274,mean,17,0,48.94912182630697,8.48869217326736,48.949110515613015,8.488704282180446,1.539101146340319,0,1,0,,,,,0,0.0026
2,mean,8,0,49.01103851368376,8.423308635023513,49.011037071073396,8.423320115507977,0.8550478331058181,1,1,0,,,,,0,0.0024
5,mean,13,0,49.01008239868123,8.440496266118988,49.01007688304265,8.440491464994867,0.7068370786853879,1,1,0,,,,,0,0.0025
6,mean,13,0,49.010030678704325,8.44055257056934,49.0100147464254,8.440544516741815,1.867223527882208,0,1,0,,,,,0,0.0026
8,mean,5,0,49.01563454290181,8.436368101379925,49.015644911477814,8.436373471164432,1.218155537589794,0,1,0,,,,,0,0.0025
11,mean,7,0,49.0159600252251,8.436994048843937,49.01595591093479,8.43700136736818,0.7042298164993294,1,1,0,,,,,0,0.0025
14,mean,7,0,49.017900694154555,8.440718413690657,49.01785539956165,8.440623938592275,8.55147302383695,0,0,0,,,,,0,0.0025
19,mean,15,0,49.0273392890272,8.442329455133647,49.027343728325874,8.442331947575047,0.5262699702446363,1,1,0,,,,,0,0.0023
20,mean,10,0,49.04384935112688,8.439850965219101,49.043838749042976,8.439879954256105,2.425221205647217,0,0,0,,,,,0,0.0025
23,mean,7,0,49.05445617940584,8.42065811004809,49.05445453422075,8.420665562196106,0.5745998157317033,1,1,0,,,,,0,0.0025
32,mean,9,0,49.038550534094426,8.36215694451832,49.03854625747766,8.362165226176078,0.7699670999697468,1,1,0,,,,,0,0.0025
33,mean,11,0,49.03856154733033,8.362039632841316,49.038566166565786,8.362036233393518,0.5706778457741994,1,1,0,,,,,0,0.0025
35,mean,9,0,49.025409164957814,8.356837223991356,49.02537878967242,8.356842397926673,3.399169412241529,0,0,0,,,,,0,0.0025
38,mean,12,0,49.03439241526746,8.345641074153688,49.03438223975438,8.345635658854677,1.198902027505669,0,1,0,,,,,0,0.0025
44,mean,8,0,48.95908078446464,8.405821129371061,48.959083364278186,8.405814685902351,0.5522394628590414,1,1,0,,,,,0,0.0024
53,mean,9,0,48.94221823413907,8.412295908202953,48.94220583585307,8.412314127685113,1.9189806391721769,0,1,0,,,,,0,0.0026
56,mean,12,0,48.94239361607407,8.416901077110264,48.94239292783471,8.416891748480772,0.6876521720504213,1,1,0,,,,,0,0.0025
59,mean,8,0,48.94770733160192,8.412716913025205,48.94770582815457,8.412733825391701,1.2500352174693368,0,1,0,,,,,0,0.0026
65,mean,6,0,48.99837932049212,8.477667423641536,48.99834128452844,8.477633451315699,4.906354972136234,0,0,0,,,,,0,0.0026
77,mean,10,0,48.99439794155835,8.465133495773976,48.994390442128264,8.465154540083633,1.751353935773378,0,1,0,,,,,0,0.0025
78,mean,11,0,48.99535951992752,8.463318529163583,48.99536012342924,8.46331202433905,0.4807220352219578,1,1,0,,,,,0,0.0025
79,mean,11,0,48.99559586005609,8.463204719379831,48.995575698017944,8.463214307250613,2.349424630281878,0,0,0,,,,,0,0.0027
80,mean,6,0,49.00180430708144,8.457227826147225,49.0018104657241,8.457234669743995,0.8484281946305856,1,1,0,,,,,0,0.0024
83,mean,8,0,49.00326941002155,8.448410040520619,49.00327443284273,8.448418844958121,0.8526462623267378,1,1,0,,,,,0,0.0024
86,mean,9,0,49.00812749189808,8.431915606921255,49.00812988265337,8.431913962870192,0.29181637622702394,1,1,0,,,,,0,0.0025
92,mean,14,0,49.00823588966749,8.430884665363974,49.00824022408282,8.430830344159673,4.0032508354143115,0,0,0,,,,,0,0.0025
95,mean,9,0,49.008638706667995,8.429096449074354,49.00864589989363,8.429096093350916,0.8003811468215882,1,1,0,,,,,0,0.0025
101,mean,9,0,49.01511728015295,8.418348912196851,49.01510142011776,8.418329305014899,2.2733391004504715,0,0,0,,,,,0,0.0024
104,mean,12,0,49.02079912696145,8.391799528863618,49.02079182287717,8.39179853965126,0.8155041647473431,1,1,0,,,,,0,0.0026
107,mean,10,0,49.00952809651542,8.395274503493335,49.0095302019032,8.395276668558068,0.2826824998906698,1,1,0,,,,,0,0.0026
110,mean,17,0,49.051485163124475,8.39604088394192,49.05147031703508,8.396049224177254,1.7600028142139963,0,1,0,,,,,0,0.0025
113,mean,22,0,49.05040502589443,8.396370420757883,49.05040192976307,8.396378506009299,0.6840008873707499,1,1,0,,,,,0,0.0027
116,mean,14,0,49.053484254719734,8.396630652279626,49.053488437509486,8.396656095810446,1.9170474461908118,0,1,0,,,,,0,0.0026
123,mean,8,0,48.986316591780636,8.394583241344897,48.986304356791976,8.394526622588502,4.361691650862173,0,0,0,,,,,0,0.0025
128,mean,13,0,48.98554668490095,8.392832013504881,48.98548806036373,8.39284321671228,6.5709677443484225,0,0,0,,,,,0,0.0025
129,mean,7,0,48.985659549013114,8.392687699746542,48.98564650555746,8.392618732692194,5.252173716489488,0,0,0,,,,,0,0.0024
131,mean,13,0,48.985187356242974,8.39363782106729,48.98517884964341,8.393620515131422,1.580957348948058,0,1,0,,,,,0,0.0026
134,mean,8,0,48.98425449772459,8.397780356665406,48.98424743917686,8.397784357157912,0.8378125949583637,1,1,0,,,,,0,0.0026
135,mean,8,0,48.98424648360535,8.39776861488857,48.98424417186499,8.397780887773763,0.9343761301434322,1,1,0,,,,,0,0.0025
137,mean,6,0,48.98616018343184,8.398578760093972,48.9861660355857,8.3985835502122,0.7392424940405202,1,1,0,,,,,0,0.0025
140,mean,6,0,48.98633474446523,8.40019908400849,48.986306434406366,8.400153179406155,4.604413569419685,0,0,0,,,,,0,0.0024
152,mean,8,0,48.984384401796476,8.398770187707694,48.984379301813256,8.398758661297572,1.0165921639155058,0,1,0,,,,,0,0.0024
155,mean,5,0,48.983545378234545,8.400779470844356,48.983553386368065,8.400790726839205,1.2132318159401303,0,1,0,,,,,0,0.0024
161,mean,5,0,48.98107025041638,8.402353591467861,48.98108168707045,8.40237988448932,2.306915834960373,0,0,0,,,,,0,0.0024
162,mean,5,0,48.98105758326775,8.402366985955773,48.98108164681027,8.402378362386932,2.8026660072801164,0,0,0,,,,,0,0.0024
167,mean,5,0,48.98251496325736,8.401475747994956,48.98251017643889,8.401470044247485,0.676528550860243,1,1,0,,,,,0,0.0085
179,mean,10,0,48.96790226621333,8.47894614219513,48.96789430288347,8.478924595953199,1.8091624800907378,0,1,0,,,,,0,0.0043
180,mean,14,0,48.968018718047674,8.478631503391535,48.967985832978506,8.4787904704669,12.200373622240532,0,0,0,,,,,0,0.0035
181,mean,12,0,48.96822978725486,8.478491453918558,48.968228291584005,8.478501387513305,0.7460981570750537,1,1,0,,,,,0,0.0031
182,mean,12,0,48.96825657821158,8.478347904235008,48.96825611474641,8.478343135036543,0.3529758457196879,1,1,0,,,,,0,0.003
188,mean,4,0,48.97158887976479,8.477728313216135,48.971589043983656,8.477731925162626,0.2650727602165567,1,1,0,,,,,0,0.0029
194,mean,4,0,48.968466063640726,8.478483275348895,48.96842069227914,8.478492155317822,5.087426662348544,0,0,0,,,,,0,0.0029
203,mean,8,0,48.983007949658266,8.391760962542929,48.983016684490046,8.391769271501804,1.1460811570328284,0,1,0,,,,,0,0.0028
212,mean,16,0,48.98621927139915,8.390566624803748,48.986215721731774,8.390586184422258,1.4850360389604103,0,1,0,,,,,0,0.0028
227,mean,10,0,48.982401913401475,8.392171200831603,48.98241049593589,8.392164253818683,1.0814655443984944,0,1,0,,,,,0,0.0027
228,mean,10,0,48.98238089113463,8.392080304312056,48.9823945345633,8.392068677194304,1.7396732369618444,0,1,0,,,,,0,0.0027
230,mean,14,0,48.98362361160257,8.393792347970106,48.983633141468495,8.393798349049979,1.1472327025403768,0,1,0,,,,,0,0.0026
231,mean,19,0,48.983675211057104,8.393506030374324,48.98367192518639,8.393491937387275,1.0943578310920197,0,1,0,,,,,0,0.0027
234,mean,10,0,48.98525399653334,8.393687039906505,48.985262155917894,8.393675601714767,1.2346172763578314,0,1,0,,,,,0,0.0026
239,mean,9,0,48.98387147233899,8.392681527418585,48.983864928265156,8.392645695978407,2.7217972013675182,0,0,0,,,,,0,0.0026
